{
  "plan": {
    "jobs": [
      {
        "id": "job1",
        "deliveries": [
          {
            "places": [
              {
                "location": {
                  "lat": 52.49780687791462,
                  "lng": 13.371195454791602
                },
                "duration": 300.0
              }
            ],
            "demand": [
              1
            ]
          }
        ]
      },
      {
        "id": "job2",
        "deliveries": [
          {
            "places": [
              {
                "location": {
                  "lat": 52.563899347109825,
                  "lng": 13.31363769109483
                },
                "duration": 300.0
              }
            ],
            "demand": [
              1
            ]
          }
        ]
      },
      {
        "id": "job3",
        "deliveries": [
          {
            "places": [
              {
                "location": {
                  "lat": 52.54364516496196,
                  "lng": 13.466603650183568
                },
                "duration": 300.0
              }
            ],
            "demand": [
              1
            ]
          }
        ]
      },
      {
        "id": "job4",
        "deliveries": [
          {
            "places": [
              {
                "location": {
                  "lat": 52.559317259928726,
                  "lng": 13.418095940904953
                },
                "duration": 300.0
              }
            ],
            "demand": [
              1
            ]
          }
        ]
      },
      {
        "id": "job5",
        "deliveries": [
          {
            "places": [
              {
                "location": {
                  "lat": 52.51980724389631,
                  "lng": 13.501401162706648
                },
                "duration": 300.0
              }
            ],
            "demand": [
              1
            ]
          }
        ]
      },
      {
        "id": "job6",
        "deliveries": [
          {
            "places": [
              {
                "location": {
                  "lat": 52.50372751228204,
                  "lng": 13.379342308500114
                },
                "duration": 300.0
              }
            ],
            "demand": [
              1
            ]
          }
        ]
      },
      {
        "id": "job7",
        "deliveries": [
          {
            "places": [
              {
                "location": {
                  "lat": 52.503939480296026,
                  "lng": 13.414419192533904
                },
                "duration": 300.0
              }
            ],
            "demand": [
              1
            ]
          }
        ]
      },
      {
        "id": "job8",
        "deliveries": [
          {
            "places": [
              {
                "location": {
                  "lat": 52.48411975546131,
                  "lng": 13.506636932313475
                },
                "duration": 300.0
              }
            ],
            "demand": [
              1
            ]
          }
        ]
      },
      {
        "id": "job9",
        "deliveries": [
          {
            "places": [
              {
                "location": {
                  "lat": 52.47825459645834,
                  "lng": 13.395708235246774
                },
                "duration": 300.0
              }
            ],
            "demand": [
              1
            ]
          }
        ]
      },
      {
        "id": "job10",
        "deliveries": [
          {
            "places": [
              {
                "location": {
                  "lat": 52.55350745906211,
                  "lng": 13.312265028028483
                },
                "duration": 300.0
              }
            ],
            "demand": [
              1
            ]
          }
        ]
      },
      {
        "id": "job11",
        "deliveries": [
          {
            "places": [
              {
                "location": {
                  "lat": 52.55296237781318,
                  "lng": 13.486145246708663
                },
                "duration": 300.0
              }
            ],
            "demand": [
              1
            ]
          }
        ]
      },
      {
        "id": "job12",
        "deliveries": [
          {
            "places": [
              {
                "location": {
                  "lat": 52.48664376203529,
                  "lng": 13.41773294014901
                },
                "duration": 300.0
              }
            ],
            "demand": [
              1
            ]
          }
        ]
      },
      {
        "id": "job13",
        "deliveries": [
          {
            "places": [
              {
                "location": {
                  "lat": 52.52444674222186,
                  "lng": 13.50036039789624
                },
                "duration": 300.0
              }
            ],
            "demand": [
              1
            ]
          }
        ]
      },
      {
        "id": "job14",
        "deliveries": [
          {
            "places": [
              {
                "location": {
                  "lat": 52.55701175495498,
                  "lng": 13.31827813367024
                },
                "duration": 300.0
              }
            ],
            "demand": [
              1
            ]
          }
        ]
      },
      {
        "id": "job15",
        "deliveries": [
          {
            "places": [
              {
                "location": {
                  "lat": 52.54188059409922,
                  "lng": 13.293108393591707
                },
                "duration": 300.0
              }
            ],
            "demand": [
              1
            ]
          }
        ]
      },
      {
        "id": "job16",
        "deliveries": [
          {
            "places": [
              {
                "location": {
                  "lat": 52.509349705792616,
                  "lng": 13.432379941923493
                },
                "duration": 300.0
              }
            ],
            "demand": [
              1
            ]
          }
        ]
      },
      {
        "id": "job17",
        "deliveries": [
          {
            "places": [
              {
                "location": {
                  "lat": 52.48013697492812,
                  "lng": 13.444669634160247
                },
                "duration": 300.0
              }
            ],
            "demand": [
              1
            ]
          }
        ]
      },
      {
        "id": "job18",
        "deliveries": [
          {
            "places": [
              {
                "location": {
                  "lat": 52.53627720210893,
                  "lng": 13.376134322569014
                },
                "duration": 300.0
              }
            ],
            "demand": [
              1
            ]
          }
        ]
      },
      {
        "id": "job19",
        "deliveries": [
          {
            "places": [
              {
                "location": {
                  "lat": 52.54605129156932,
                  "lng": 13.468721609479935
                },
                "duration": 300.0
              }
            ],
            "demand": [
              1
            ]
          }
        ]
      },
      {
        "id": "job20",
        "deliveries": [
          {
            "places": [
              {
                "location": {
                  "lat": 52.54444878291214,
                  "lng": 13.354975100878109
                },
                "duration": 300.0
              }
            ],
            "demand": [
              1
            ]
          }
        ]
      },
      {
        "id": "job21",
        "deliveries": [
          {
            "places": [
              {
                "location": {
                  "lat": 52.47816067825894,
                  "lng": 13.41081036082167
                },
                "duration": 300.0
              }
            ],
            "demand": [
              1
            ]
          }
        ]
      },
      {
        "id": "job22",
        "deliveries": [
          {
            "places": [
              {
                "location": {
                  "lat": 52.47562114867391,
                  "lng": 13.443473307737396
                },
                "duration": 300.0
              }
            ],
            "demand": [
              1
            ]
          }
        ]
      },
      {
        "id": "job23",
        "deliveries": [
          {
            "places": [
              {
                "location": {
                  "lat": 52.56211532945753,
                  "lng": 13.315548074471886
                },
                "duration": 300.0
              }
            ],
            "demand": [
              1
            ]
          }
        ]
      },
      {
        "id": "job24",
        "deliveries": [
          {
            "places": [
              {
                "location": {
                  "lat": 52.466598944882364,
                  "lng": 13.405396301765151
                },
                "duration": 300.0
              }
            ],
            "demand": [
              1
            ]
          }
        ]
      },
      {
        "id": "job25",
        "deliveries": [
          {
            "places": [
              {
                "location": {
                  "lat": 52.463912322534185,
                  "lng": 13.349791416696211
                },
                "duration": 300.0
              }
            ],
            "demand": [
              1
            ]
          }
        ]
      },
      {
        "id": "job26",
        "deliveries": [
          {
            "places": [
              {
                "location": {
                  "lat": 52.52279826837357,
                  "lng": 13.388832063194867
                },
                "duration": 300.0
              }
            ],
            "demand": [
              1
            ]
          }
        ]
      },
      {
        "id": "job27",
        "deliveries": [
          {
            "places": [
              {
                "location": {
                  "lat": 52.539298268315726,
                  "lng": 13.336920115905961
                },
                "duration": 300.0
              }
            ],
            "demand": [
              1
            ]
          }
        ]
      },
      {
        "id": "job28",
        "deliveries": [
          {
            "places": [
              {
                "location": {
                  "lat": 52.51196078116377,
                  "lng": 13.435433676128579
                },
                "duration": 300.0
              }
            ],
            "demand": [
              1
            ]
          }
        ]
      },
      {
        "id": "job29",
        "deliveries": [
          {
            "places": [
              {
                "location": {
                  "lat": 52.48781898717492,
                  "lng": 13.429828318483501
                },
                "duration": 300.0
              }
            ],
            "demand": [
              1
            ]
          }
        ]
      },
      {
        "id": "job30",
        "deliveries": [
          {
            "places": [
              {
                "location": {
                  "lat": 52.46539660054672,
                  "lng": 13.356703205515222
                },
                "duration": 300.0
              }
            ],
            "demand": [
              1
            ]
          }
        ]
      },
      {
        "id": "job31",
        "deliveries": [
          {
            "places": [
              {
                "location": {
                  "lat": 52.51927328309729,
                  "lng": 13.401381631253429
                },
                "duration": 300.0
              }
            ],
            "demand": [
              1
            ]
          }
        ]
      },
      {
        "id": "job32",
        "deliveries": [
          {
            "places": [
              {
                "location": {
                  "lat": 52.54442708557477,
                  "lng": 13.289478153130888
                },
                "duration": 300.0
              }
            ],
            "demand": [
              1
            ]
          }
        ]
      },
      {
        "id": "job33",
        "deliveries": [
          {
            "places": [
              {
                "location": {
                  "lat": 52.5218280714872,
                  "lng": 13.321783206437072
                },
                "duration": 300.0
              }
            ],
            "demand": [
              1
            ]
          }
        ]
      },
      {
        "id": "job34",
        "deliveries": [
          {
            "places": [
              {
                "location": {
                  "lat": 52.51226822308343,
                  "lng": 13.442686452671404
                },
                "duration": 300.0
              }
            ],
            "demand": [
              1
            ]
          }
        ]
      },
      {
        "id": "job35",
        "deliveries": [
          {
            "places": [
              {
                "location": {
                  "lat": 52.54224265751018,
                  "lng": 13.500487161040066
                },
                "duration": 300.0
              }
            ],
            "demand": [
              1
            ]
          }
        ]
      },
      {
        "id": "job36",
        "deliveries": [
          {
            "places": [
              {
                "location": {
                  "lat": 52.514972604306884,
                  "lng": 13.510043200794307
                },
                "duration": 300.0
              }
            ],
            "demand": [
              1
            ]
          }
        ]
      },
      {
        "id": "job37",
        "deliveries": [
          {
            "places": [
              {
                "location": {
                  "lat": 52.48891318840541,
                  "lng": 13.374917375875022
                },
                "duration": 300.0
              }
            ],
            "demand": [
              1
            ]
          }
        ]
      },
      {
        "id": "job38",
        "deliveries": [
          {
            "places": [
              {
                "location": {
                  "lat": 52.47203266338414,
                  "lng": 13.410956293293978
                },
                "duration": 300.0
              }
            ],
            "demand": [
              1
            ]
          }
        ]
      },
      {
        "id": "job39",
        "deliveries": [
          {
            "places": [
              {
                "location": {
                  "lat": 52.550366585215336,
                  "lng": 13.484476860743825
                },
                "duration": 300.0
              }
            ],
            "demand": [
              1
            ]
          }
        ]
      },
      {
        "id": "job40",
        "deliveries": [
          {
            "places": [
              {
                "location": {
                  "lat": 52.474430095442365,
                  "lng": 13.306734549730495
                },
                "duration": 300.0
              }
            ],
            "demand": [
              1
            ]
          }
        ]
      },
      {
        "id": "job41",
        "deliveries": [
          {
            "places": [
              {
                "location": {
                  "lat": 52.49321551425717,
                  "lng": 13.489667895077968
                },
                "duration": 300.0
              }
            ],
            "demand": [
              1
            ]
          }
        ]
      },
      {
        "id": "job42",
        "deliveries": [
          {
            "places": [
              {
                "location": {
                  "lat": 52.53702568825734,
                  "lng": 13.490923274950648
                },
                "duration": 300.0
              }
            ],
            "demand": [
              1
            ]
          }
        ]
      },
      {
        "id": "job43",
        "deliveries": [
          {
            "places": [
              {
                "location": {
                  "lat": 52.50438487931981,
                  "lng": 13.47582305182489
                },
                "duration": 300.0
              }
            ],
            "demand": [
              1
            ]
          }
        ]
      },
      {
        "id": "job44",
        "deliveries": [
          {
            "places": [
              {
                "location": {
                  "lat": 52.495876792069865,
                  "lng": 13.475074234583637
                },
                "duration": 300.0
              }
            ],
            "demand": [
              1
            ]
          }
        ]
      },
      {
        "id": "job45",
        "deliveries": [
          {
            "places": [
              {
                "location": {
                  "lat": 52.517530046324886,
                  "lng": 13.39911642866754
                },
                "duration": 300.0
              }
            ],
            "demand": [
              1
            ]
          }
        ]
      },
      {
        "id": "job46",
        "deliveries": [
          {
            "places": [
              {
                "location": {
                  "lat": 52.486904452942355,
                  "lng": 13.33058574089431
                },
                "duration": 300.0
              }
            ],
            "demand": [
              1
            ]
          }
        ]
      },
      {
        "id": "job47",
        "deliveries": [
          {
            "places": [
              {
                "location": {
                  "lat": 52.47033675250463,
                  "lng": 13.430287259360195
                },
                "duration": 300.0
              }
            ],
            "demand": [
              1
            ]
          }
        ]
      },
      {
        "id": "job48",
        "deliveries": [
          {
            "places": [
              {
                "location": {
                  "lat": 52.5591091566866,
                  "lng": 13.384061426880884
                },
                "duration": 300.0
              }
            ],
            "demand": [
              1
            ]
          }
        ]
      },
      {
        "id": "job49",
        "deliveries": [
          {
            "places": [
              {
                "location": {
                  "lat": 52.47471643163076,
                  "lng": 13.391029539641416
                },
                "duration": 300.0
              }
            ],
            "demand": [
              1
            ]
          }
        ]
      },
      {
        "id": "job50",
        "deliveries": [
          {
            "places": [
              {
                "location": {
                  "lat": 52.464094423851854,
                  "lng": 13.332731193674709
                },
                "duration": 300.0
              }
            ],
            "demand": [
              1
            ]
          }
        ]
      },
      {
        "id": "job51",
        "deliveries": [
          {
            "places": [
              {
                "location": {
                  "lat": 52.488403407965386,
                  "lng": 13.286478271693527
                },
                "duration": 300.0
              }
            ],
            "demand": [
              1
            ]
          }
        ]
      },
      {
        "id": "job52",
        "deliveries": [
          {
            "places": [
              {
                "location": {
                  "lat": 52.5134006435763,
                  "lng": 13.28914475652016
                },
                "duration": 300.0
              }
            ],
            "demand": [
              1
            ]
          }
        ]
      },
      {
        "id": "job53",
        "deliveries": [
          {
            "places": [
              {
                "location": {
                  "lat": 52.505708049224346,
                  "lng": 13.444002301054748
                },
                "duration": 300.0
              }
            ],
            "demand": [
              1
            ]
          }
        ]
      },
      {
        "id": "job54",
        "deliveries": [
          {
            "places": [
              {
                "location": {
                  "lat": 52.53264284646397,
                  "lng": 13.507028876570637
                },
                "duration": 300.0
              }
            ],
            "demand": [
              1
            ]
          }
        ]
      },
      {
        "id": "job55",
        "deliveries": [
          {
            "places": [
              {
                "location": {
                  "lat": 52.51917550151553,
                  "lng": 13.29797949057967
                },
                "duration": 300.0
              }
            ],
            "demand": [
              1
            ]
          }
        ]
      },
      {
        "id": "job56",
        "deliveries": [
          {
            "places": [
              {
                "location": {
                  "lat": 52.50720293360864,
                  "lng": 13.307572599244708
                },
                "duration": 300.0
              }
            ],
            "demand": [
              1
            ]
          }
        ]
      },
      {
        "id": "job57",
        "deliveries": [
          {
            "places": [
              {
                "location": {
                  "lat": 52.55800546637486,
                  "lng": 13.485350554510024
                },
                "duration": 300.0
              }
            ],
            "demand": [
              1
            ]
          }
        ]
      },
      {
        "id": "job58",
        "deliveries": [
          {
            "places": [
              {
                "location": {
                  "lat": 52.54592632978136,
                  "lng": 13.445936407302518
                },
                "duration": 300.0
              }
            ],
            "demand": [
              1
            ]
          }
        ]
      },
      {
        "id": "job59",
        "deliveries": [
          {
            "places": [
              {
                "location": {
                  "lat": 52.517294070675874,
                  "lng": 13.342090092142902
                },
                "duration": 300.0
              }
            ],
            "demand": [
              1
            ]
          }
        ]
      },
      {
        "id": "job60",
        "deliveries": [
          {
            "places": [
              {
                "location": {
                  "lat": 52.52311145663842,
                  "lng": 13.322942431312855
                },
                "duration": 300.0
              }
            ],
            "demand": [
              1
            ]
          }
        ]
      },
      {
        "id": "job61",
        "deliveries": [
          {
            "places": [
              {
                "location": {
                  "lat": 52.517795759236954,
                  "lng": 13.339541914892147
                },
                "duration": 300.0
              }
            ],
            "demand": [
              1
            ]
          }
        ]
      },
      {
        "id": "job62",
        "deliveries": [
          {
            "places": [
              {
                "location": {
                  "lat": 52.518918574272526,
                  "lng": 13.494862701409776
                },
                "duration": 300.0
              }
            ],
            "demand": [
              1
            ]
          }
        ]
      },
      {
        "id": "job63",
        "deliveries": [
          {
            "places": [
              {
                "location": {
                  "lat": 52.494942618075115,
                  "lng": 13.473120064446821
                },
                "duration": 300.0
              }
            ],
            "demand": [
              1
            ]
          }
        ]
      },
      {
        "id": "job64",
        "deliveries": [
          {
            "places": [
              {
                "location": {
                  "lat": 52.489537955621444,
                  "lng": 13.395275222627042
                },
                "duration": 300.0
              }
            ],
            "demand": [
              1
            ]
          }
        ]
      },
      {
        "id": "job65",
        "deliveries": [
          {
            "places": [
              {
                "location": {
                  "lat": 52.48383890016802,
                  "lng": 13.506365244440671
                },
                "duration": 300.0
              }
            ],
            "demand": [
              1
            ]
          }
        ]
      },
      {
        "id": "job66",
        "deliveries": [
          {
            "places": [
              {
                "location": {
                  "lat": 52.508365623470674,
                  "lng": 13.500492586795497
                },
                "duration": 300.0
              }
            ],
            "demand": [
              1
            ]
          }
        ]
      },
      {
        "id": "job67",
        "deliveries": [
          {
            "places": [
              {
                "location": {
                  "lat": 52.50147292924569,
                  "lng": 13.292249281275343
                },
                "duration": 300.0
              }
            ],
            "demand": [
              1
            ]
          }
        ]
      },
      {
        "id": "job68",
        "deliveries": [
          {
            "places": [
              {
                "location": {
                  "lat": 52.535477505233246,
                  "lng": 13.293434205554835
                },
                "duration": 300.0
              }
            ],
            "demand": [
              1
            ]
          }
        ]
      },
      {
        "id": "job69",
        "deliveries": [
          {
            "places": [
              {
                "location": {
                  "lat": 52.55294169693408,
                  "lng": 13.328123400625943
                },
                "duration": 300.0
              }
            ],
            "demand": [
              1
            ]
          }
        ]
      },
      {
        "id": "job70",
        "deliveries": [
          {
            "places": [
              {
                "location": {
                  "lat": 52.49776037094926,
                  "lng": 13.418173751165615
                },
                "duration": 300.0
              }
            ],
            "demand": [
              1
            ]
          }
        ]
      },
      {
        "id": "job71",
        "deliveries": [
          {
            "places": [
              {
                "location": {
                  "lat": 52.545655467633196,
                  "lng": 13.337074310637373
                },
                "duration": 300.0
              }
            ],
            "demand": [
              1
            ]
          }
        ]
      },
      {
        "id": "job72",
        "deliveries": [
          {
            "places": [
              {
                "location": {
                  "lat": 52.5242654820252,
                  "lng": 13.444250022374952
                },
                "duration": 300.0
              }
            ],
            "demand": [
              1
            ]
          }
        ]
      },
      {
        "id": "job73",
        "deliveries": [
          {
            "places": [
              {
                "location": {
                  "lat": 52.496188459024275,
                  "lng": 13.4854215462536
                },
                "duration": 300.0
              }
            ],
            "demand": [
              1
            ]
          }
        ]
      },
      {
        "id": "job74",
        "deliveries": [
          {
            "places": [
              {
                "location": {
                  "lat": 52.498841925891114,
                  "lng": 13.443926375103471
                },
                "duration": 300.0
              }
            ],
            "demand": [
              1
            ]
          }
        ]
      },
      {
        "id": "job75",
        "deliveries": [
          {
            "places": [
              {
                "location": {
                  "lat": 52.55535812682815,
                  "lng": 13.413896065380058
                },
                "duration": 300.0
              }
            ],
            "demand": [
              1
            ]
          }
        ]
      },
      {
        "id": "job76",
        "deliveries": [
          {
            "places": [
              {
                "location": {
                  "lat": 52.47922600282138,
                  "lng": 13.357267413238024
                },
                "duration": 300.0
              }
            ],
            "demand": [
              1
            ]
          }
        ]
      },
      {
        "id": "job77",
        "deliveries": [
          {
            "places": [
              {
                "location": {
                  "lat": 52.48808840849937,
                  "lng": 13.333223503542248
                },
                "duration": 300.0
              }
            ],
            "demand": [
              1
            ]
          }
        ]
      },
      {
        "id": "job78",
        "deliveries": [
          {
            "places": [
              {
                "location": {
                  "lat": 52.514743456350814,
                  "lng": 13.333780704236576
                },
                "duration": 300.0
              }
            ],
            "demand": [
              1
            ]
          }
        ]
      },
      {
        "id": "job79",
        "deliveries": [
          {
            "places": [
              {
                "location": {
                  "lat": 52.52328787612934,
                  "lng": 13.340477977066714
                },
                "duration": 300.0
              }
            ],
            "demand": [
              1
            ]
          }
        ]
      },
      {
        "id": "job80",
        "deliveries": [
          {
            "places": [
              {
                "location": {
                  "lat": 52.53767718314024,
                  "lng": 13.494517710909756
                },
                "duration": 300.0
              }
            ],
            "demand": [
              1
            ]
          }
        ]
      },
      {
        "id": "job81",
        "deliveries": [
          {
            "places": [
              {
                "location": {
                  "lat": 52.530817044428815,
                  "lng": 13.297356053754394
                },
                "duration": 300.0
              }
            ],
            "demand": [
              1
            ]
          }
        ]
      },
      {
        "id": "job82",
        "deliveries": [
          {
            "places": [
              {
                "location": {
                  "lat": 52.50825381335361,
                  "lng": 13.387309364509711
                },
                "duration": 300.0
              }
            ],
            "demand": [
              1
            ]
          }
        ]
      },
      {
        "id": "job83",
        "deliveries": [
          {
            "places": [
              {
                "location": {
                  "lat": 52.481782438802426,
                  "lng": 13.295421612860531
                },
                "duration": 300.0
              }
            ],
            "demand": [
              1
            ]
          }
        ]
      },
      {
        "id": "job84",
        "deliveries": [
          {
            "places": [
              {
                "location": {
                  "lat": 52.5174262656233,
                  "lng": 13.451594785784742
                },
                "duration": 300.0
              }
            ],
            "demand": [
              1
            ]
          }
        ]
      },
      {
        "id": "job85",
        "deliveries": [
          {
            "places": [
              {
                "location": {
                  "lat": 52.48459900552795,
                  "lng": 13.493178586563994
                },
                "duration": 300.0
              }
            ],
            "demand": [
              1
            ]
          }
        ]
      },
      {
        "id": "job86",
        "deliveries": [
          {
            "places": [
              {
                "location": {
                  "lat": 52.52528139099844,
                  "lng": 13.433309199757035
                },
                "duration": 300.0
              }
            ],
            "demand": [
              1
            ]
          }
        ]
      },
      {
        "id": "job87",
        "deliveries": [
          {
            "places": [
              {
                "location": {
                  "lat": 52.52519598971728,
                  "lng": 13.286269742657046
                },
                "duration": 300.0
              }
            ],
            "demand": [
              1
            ]
          }
        ]
      },
      {
        "id": "job88",
        "deliveries": [
          {
            "places": [
              {
                "location": {
                  "lat": 52.47197019649046,
                  "lng": 13.323788971107472
                },
                "duration": 300.0
              }
            ],
            "demand": [
              1
            ]
          }
        ]
      },
      {
        "id": "job89",
        "deliveries": [
          {
            "places": [
              {
                "location": {
                  "lat": 52.542941870498225,
                  "lng": 13.313959170476238
                },
                "duration": 300.0
              }
            ],
            "demand": [
              1
            ]
          }
        ]
      },
      {
        "id": "job90",
        "deliveries": [
          {
            "places": [
              {
                "location": {
                  "lat": 52.542907688187356,
                  "lng": 13.412980109362955
                },
                "duration": 300.0
              }
            ],
            "demand": [
              1
            ]
          }
        ]
      },
      {
        "id": "job91",
        "deliveries": [
          {
            "places": [
              {
                "location": {
                  "lat": 52.4733884507681,
                  "lng": 13.315825307227689
                },
                "duration": 300.0
              }
            ],
            "demand": [
              1
            ]
          }
        ]
      },
      {
        "id": "job92",
        "deliveries": [
          {
            "places": [
              {
                "location": {
                  "lat": 52.53231879259535,
                  "lng": 13.508998204554368
                },
                "duration": 300.0
              }
            ],
            "demand": [
              1
            ]
          }
        ]
      },
      {
        "id": "job93",
        "deliveries": [
          {
            "places": [
              {
                "location": {
                  "lat": 52.56350347432202,
                  "lng": 13.491669101732423
                },
                "duration": 300.0
              }
            ],
            "demand": [
              1
            ]
          }
        ]
      },
      {
        "id": "job94",
        "deliveries": [
          {
            "places": [
              {
                "location": {
                  "lat": 52.54265910404912,
                  "lng": 13.47919132547433
                },
                "duration": 300.0
              }
            ],
            "demand": [
              1
            ]
          }
        ]
      },
      {
        "id": "job95",
        "deliveries": [
          {
            "places": [
              {
                "location": {
                  "lat": 52.484636762813004,
                  "lng": 13.488914896750236
                },
                "duration": 300.0
              }
            ],
            "demand": [
              1
            ]
          }
        ]
      },
      {
        "id": "job96",
        "deliveries": [
          {
            "places": [
              {
                "location": {
                  "lat": 52.54052107917374,
                  "lng": 13.422524946086687
                },
                "duration": 300.0
              }
            ],
            "demand": [
              1
            ]
          }
        ]
      },
      {
        "id": "job97",
        "deliveries": [
          {
            "places": [
              {
                "location": {
                  "lat": 52.480549878249036,
                  "lng": 13.355049370835896
                },
                "duration": 300.0
              }
            ],
            "demand": [
              1
            ]
          }
        ]
      },
      {
        "id": "job98",
        "deliveries": [
          {
            "places": [
              {
                "location": {
                  "lat": 52.51419280680306,
                  "lng": 13.294878660276572
                },
                "duration": 300.0
              }
            ],
            "demand": [
              1
            ]
          }
        ]
      },
      {
        "id": "job99",
        "deliveries": [
          {
            "places": [
              {
                "location": {
                  "lat": 52.51331390666416,
                  "lng": 13.404358378910453
                },
                "duration": 300.0
              }
            ],
            "demand": [
              1
            ]
          }
        ]
      },
      {
        "id": "job100",
        "deliveries": [
          {
            "places": [
              {
                "location": {
                  "lat": 52.46882979291179,
                  "lng": 13.324416924072713
                },
                "duration": 300.0
              }
            ],
            "demand": [
              1
            ]
          }
        ]
      }
    ]
  },
  "fleet": {
    "vehicles": [
      {
        "typeId": "vehicle",
        "vehicleIds": [
          "vehicle_1",
          "vehicle_2",
          "vehicle_3",
          "vehicle_4",
          "vehicle_5"
        ],
        "profile": {
          "matrix": "car"
        },
        "costs": {
          "fixed": 25.0,
          "distance": 0.0002,
          "time": 0.005
        },
        "shifts": [
          {
            "start": {
              "earliest": "2020-05-01T09:00:00.00Z",
              "location": {
                "lat": 52.4181,
                "lng": 13.4637
              }
            },
            "end": {
              "latest": "2020-05-01T18:00:00.00Z",
              "location": {
                "lat": 52.4181,
                "lng": 13.4637
              }
            },
            "breaks": [
              {
                "time": [
                  "2020-05-01T12:30:00.00Z",
                  "2020-05-01T13:00:00.00Z"
                ],
                "duration": 3600.0
              }
            ],
            "reloads": [
              {
                "location": {
                  "lat": 52.5171,
                  "lng": 13.389
                },
                "duration": 1800.0
              }
            ]
          }
        ],
        "capacity": [
          15
        ]
      }
    ],
    "profiles": [
      {
        "name": "car",
        "type": "car"
      }
    ]
  }
}
